Biochar_wt,PANI_wt,MWCNT_wt,Frequency_GHz,sigma_eff_S_m,sigma_star_S_m,SE_R_dB,SE_A_dB,SE_T_dB
75,20,5,8.0,3.842185255031509,0.35711069614988794,12.402662039627282,3.331374702235606,15.734036741862887
75,20,5,8.2,3.776171988309763,0.3649781178951298,12.21511278954514,2.9090951196071275,15.124207909152268
75,20,5,8.4,3.6874597228463233,0.3628946016090052,12.149149977312518,3.482469830892642,15.63161980820516
75,20,5,8.6,4.051022178802244,0.33998670555080673,12.24938183222627,3.145976971185815,15.395358803412085
75,20,5,8.8,4.390656836921783,0.41302452316056176,12.162932799182324,3.1956149173544453,15.35854771653677
75,20,5,9.0,4.082660764528632,0.40283605401195566,12.371657404147593,3.070274769609695,15.441932173757287
75,20,5,9.2,3.6881203942252423,0.40904029540963766,12.800593356326562,3.0834211892869483,15.88401454561351
75,20,5,9.4,3.635741747427209,0.39257856707167127,12.670999030125534,3.0444827197755626,15.715481749901096
75,20,5,9.6,3.683916821157673,0.39042027277916164,12.553172246387359,2.972428711312749,15.525600957700107
75,20,5,9.8,4.016454099635208,0.38245167513750794,12.261894485223104,3.058944060211562,15.320838545434667
75,20,5,10.0,4.016553359885036,0.39367626480763773,12.051467369490819,3.084416694953823,15.135884064444642
75,20,5,10.2,3.8667351267995156,0.4206058903514128,12.477131155750921,3.5429713154649756,16.020102471215896
75,20,5,10.4,3.8365828266835433,0.4338233892629559,12.751280575080576,3.2936326409869596,16.044913216067535
75,20,5,10.6,3.5597341853489297,0.3375307777565557,12.60990572573161,3.5011673730122412,16.11107309874385
75,20,5,10.8,4.096740461681182,0.39910602185966393,12.859426030318879,3.2575279319111736,16.116953962230053
75,20,5,11.0,4.2677313524893705,0.3955203040112616,12.262252697636574,3.4706617180171384,15.732914415653713
75,20,5,11.2,4.030200740686206,0.36906332002461945,12.383842994796655,3.901710736129249,16.285553730925905
75,20,5,11.4,3.9361918126118307,0.3886695707288955,12.648334147937012,3.3165503371127025,15.964884485049716
75,20,5,11.6,4.06659644985887,0.388803476131511,12.509680970423569,3.5446888676598522,16.05436983808342
75,20,5,11.8,4.233362935596596,0.388155024556235,12.795860937486838,3.408671177027927,16.204532114514766
75,20,5,12.0,3.950399505259498,0.35293155977191953,13.045749129777949,2.9025730726055756,15.948322202383524
65,30,5,8.0,3.9809402644013048,0.37167340596692694,12.228118231938126,3.3930327553243926,15.621150987262519
65,30,5,8.2,3.746232644886755,0.40509283314073535,12.099420484717207,2.7065567609401766,14.805977245657385
65,30,5,8.4,4.035397145219547,0.37961579158029235,11.630412980612125,3.5276897252244623,15.158102705836587
65,30,5,8.6,3.9145371260278856,0.3787344322941803,12.305015942560253,2.869394937471727,15.17441088003198
65,30,5,8.8,3.528836775439423,0.40916953517471655,12.191735030766566,3.1414940222929593,15.333229053059526
65,30,5,9.0,3.8983122368409027,0.44810469008739473,12.304724662700421,3.2191413719386097,15.523866034639031
65,30,5,9.2,3.5654005163172,0.3874960860554683,12.862073111337825,3.4277773329440784,16.289850444281903
65,30,5,9.4,3.7976372842148645,0.4152668823891935,12.09764540351619,3.2523617263723574,15.350007129888546
65,30,5,9.6,4.033002945113583,0.38091291658248033,12.379062777953317,3.363797152576331,15.742859930529647
65,30,5,9.8,3.882422604397632,0.3935862100189299,12.46820713103214,3.0897528326464783,15.557959963678618
65,30,5,10.0,4.003994121927847,0.3516405220643285,12.86054753561669,3.7815508700711056,16.642098405687793
65,30,5,10.2,3.797922358066321,0.38039746909377337,12.274047368691324,3.2286736694325007,15.502721038123825
65,30,5,10.4,3.925722844815019,0.3559357004756646,12.190495072541035,3.6523011783325448,15.84279625087358
65,30,5,10.6,4.059871859803963,0.409614875686578,12.642214212049593,2.876257322498764,15.518471534548357
65,30,5,10.8,4.153913017117691,0.3636597182489941,12.511917585419566,3.8374377971309754,16.34935538255054
65,30,5,11.0,3.9879822863045487,0.40947792621601325,12.429163943820758,3.359888345408718,15.789052289229476
65,30,5,11.2,3.8388023138525704,0.3901150642775965,12.098828136385242,3.441266461223769,15.540094597609011
65,30,5,11.4,4.028506495342873,0.405462891105206,13.232698276299795,3.471759513801392,16.704457790101188
65,30,5,11.6,3.8312298076567988,0.387039787190623,12.794404571199564,3.820785709568419,16.615190280767983
65,30,5,11.8,3.7311894957994265,0.3601352883534696,12.837677684832826,3.5542415142058816,16.391919199038707
65,30,5,12.0,4.013142031761576,0.4013878208929769,12.636593365939564,3.0172698619846416,15.653863227924205
55,40,5,8.0,3.5437629859424793,0.390468025555797,12.3343557187974,2.9505764224637345,15.284932141261136
55,40,5,8.2,4.281943115208096,0.3476662538047249,12.426952009553945,2.877473036801627,15.304425046355572
55,40,5,8.4,4.143253193924554,0.3937112295211938,12.408342468824815,3.1621302703438423,15.570472739168657
55,40,5,8.6,3.662544347129199,0.38646608945475663,12.462179906809046,3.300792552308919,15.762972459117965
55,40,5,8.8,3.7407950095479996,0.37135637941408267,11.961165793919575,3.308058147530859,15.269223941450434
55,40,5,9.0,3.745770885764462,0.3767850954226794,12.228590495506179,3.6755126503289297,15.904103145835109
55,40,5,9.2,4.049986371894925,0.3965488115145067,12.209547650566353,3.588726423303818,15.798274073870171
55,40,5,9.4,4.344676919064176,0.40402608450159644,12.69908577960757,3.1568768314538116,15.855962611061381
55,40,5,9.6,3.9100694233456053,0.40739366864632587,12.696419507536175,3.495051701265304,16.19147120880148
55,40,5,9.8,4.29266469864439,0.36139323053626604,12.533797047845878,3.1148399482693043,15.648636996115183
55,40,5,10.0,3.873042840093454,0.37388279008764036,12.947675561037816,3.9333362478615554,16.88101180889937
55,40,5,10.2,3.439827643068883,0.39497952978032125,12.2983466127846,3.840285195754503,16.138631808539103
55,40,5,10.4,4.008266759992407,0.42657721097383244,12.728866807614391,3.1338283465023795,15.862695154116771
55,40,5,10.6,3.653287323481239,0.3952969384658522,12.63996854126948,3.2359333249214064,15.875901866190887
55,40,5,10.8,4.015745156066053,0.37581927488082895,12.739670436131025,3.5167055019507942,16.25637593808182
55,40,5,11.0,4.04630079497896,0.3772852857882846,12.433802009874048,3.217851929523907,15.651653939397956
55,40,5,11.2,4.2657579180305865,0.3920388392926806,12.56222690252439,3.2691855678805597,15.831412470404949
55,40,5,11.4,3.8510280873066973,0.40160409999016905,12.704472070680207,3.195899603847562,15.900371674527769
55,40,5,11.6,4.042924248701909,0.4076301931627252,12.82497622578057,3.2860273056474303,16.111003531428
55,40,5,11.8,4.088166320862708,0.37129010879873814,12.228492360536325,3.3327386371640646,15.56123099770039
55,40,5,12.0,4.0634401543336995,0.38864078586286643,12.722859320088169,3.076300476168376,15.799159796256545
70,20,10,8.0,1.164333703086335,0.108960984868935,15.26129346880994,4.541711653732283,19.803005122542224
70,20,10,8.2,1.197801411057135,0.1175488850820927,15.715619215857124,3.9464964864213004,19.662115702278424
70,20,10,8.4,1.2017451298082755,0.11877384938137725,15.348436371278591,4.603298826168244,19.951735197446837
70,20,10,8.6,1.1277837078872532,0.11741395724655883,15.641724204651759,4.0238442694096594,19.665568474061416
70,20,10,8.8,1.203506639690561,0.11942343313989051,15.362568725876613,4.400896409682187,19.7634651355588
70,20,10,9.0,1.0988536226142787,0.11949224944373808,15.354124587605899,4.328640447192396,19.682765034798294
70,20,10,9.2,1.1505057605432512,0.1097720458881451,15.310977512072986,4.443937406061706,19.75491491813469
70,20,10,9.4,1.0368419143826533,0.1167200022321746,15.57690670514126,4.487897239547179,20.06480394468844
70,20,10,9.6,1.1799493176076299,0.11111566587608626,15.666042771699585,4.257880273956282,19.92392304565587
70,20,10,9.8,1.1200084117345808,0.11738634691861484,15.543044758122145,4.6245244307721,20.167569188894245
70,20,10,10.0,1.1537852607557593,0.11664765240967935,15.58891106684125,4.700261881134275,20.289172947975526
70,20,10,10.2,1.1784355877054196,0.12095452449151482,15.064970873460052,4.9471946896426156,20.012165563102666
70,20,10,10.4,1.2032788681378608,0.11989344571093408,15.922591055123844,4.484581496148235,20.40717255127208
70,20,10,10.6,1.2820421912849815,0.12028691507475014,15.603755078283452,4.773729515634884,20.377484593918336
70,20,10,10.8,1.1166514168324635,0.11737637051621273,15.889022800824149,4.475063006741557,20.364085807565708
70,20,10,11.0,1.2060487403421083,0.12258961587903887,15.629936535005081,4.469985002666277,20.099921537671356
70,20,10,11.2,1.0755690931199284,0.12124572623293772,15.87205166650597,4.348289192409415,20.220340858915385
70,20,10,11.4,1.1711484837090098,0.11532109516032568,16.129401081096493,4.322598448854982,20.451999529951475
70,20,10,11.6,1.2507920071318797,0.12783220479215707,15.49905690049044,4.515041324261573,20.014098224752015
70,20,10,11.8,1.2190738812470632,0.11652672497911057,15.655150136400545,3.9114192994609818,19.566569435861528
70,20,10,12.0,1.152307922965642,0.11867774967418877,15.410389917355927,4.757121868546078,20.167511785902004
60,30,10,8.0,1.2252208638435347,0.10350618021259382,14.930686552514125,4.177708271452666,19.10839482396679
60,30,10,8.2,1.1612864121123634,0.11786424409536782,15.70441252007951,4.488025628589322,20.19243814866883
60,30,10,8.4,1.1788154781401168,0.11639094426821493,15.36358920090416,4.248530006428317,19.612119207332476
60,30,10,8.6,1.0998559573397877,0.1132382728894194,15.191193601111948,3.96793031553825,19.1591239166502
60,30,10,8.8,1.2085752796794187,0.11818482323559669,15.345990988431677,4.151888087719905,19.49787907615158
60,30,10,9.0,1.1894112912137293,0.12814794669787363,15.695405030382346,4.190645394858402,19.886050425240747
60,30,10,9.2,1.250712538719241,0.11240356465570792,15.563285004272158,4.553244637191021,20.11652964146318
60,30,10,9.4,1.1394881682893265,0.12346750621183253,15.473164766912465,3.9658151866152456,19.43897995352771
60,30,10,9.6,1.1707127277989173,0.11751321388964257,15.559384302559433,4.980080265658477,20.53946456821791
60,30,10,9.8,1.1882215101904832,0.12146802197495292,14.965776832052724,4.405615861548365,19.371392693601088
60,30,10,10.0,1.0948470365289256,0.13046804575405646,15.55850866162901,4.550342949896124,20.108851611525132
60,30,10,10.2,1.1765032962710966,0.11561390296197298,15.137021823236719,4.299920108601706,19.436941931838426
60,30,10,10.4,1.140523894754509,0.12120868658000117,15.518857481727492,4.774747350630176,20.29360483235767
60,30,10,10.6,1.2391371142001155,0.1089239732726376,15.543553808204024,4.623766708335741,20.167320516539764
60,30,10,10.8,1.1316639286617667,0.1157834638136459,15.469634137323977,4.075211381436579,19.544845518760557
60,30,10,11.0,1.0727509877940813,0.11331280394821698,15.753504003556296,4.7410718515268835,20.49457585508318
60,30,10,11.2,1.0535669455414547,0.12278104659845641,15.560558891598523,3.927578580003505,19.488137471602027
60,30,10,11.4,1.1478405818384154,0.11169880641714677,15.236285918208461,4.2606718514482,19.49695776965666
60,30,10,11.6,1.2141937962916503,0.12462487735271481,16.034634521608965,4.363179078820131,20.397813600429096
60,30,10,11.8,1.217064756991197,0.10980401162649348,15.405412242481466,4.3770677989686435,19.78248004145011
60,30,10,12.0,1.1843395206953584,0.10695152798692101,15.496459176643791,4.212078247539642,19.708537424183433
50,40,10,8.0,1.2167213026150716,0.11922126194678583,15.488121290374584,4.421825433130916,19.9099467235055
50,40,10,8.2,1.2234632166946189,0.11797417706093455,15.589223416923806,4.10360352045674,19.692826937380545
50,40,10,8.4,1.239828694187623,0.11120357777386783,15.300975502061753,4.503581901315222,19.804557403376975
50,40,10,8.6,1.2629724164519762,0.11767233192374398,15.51516149248676,4.472532297162635,19.987693789649395
50,40,10,8.8,1.2800726247014615,0.12762243159913997,15.388051085596686,4.424045071323083,19.812096156919768
50,40,10,9.0,1.217583359896466,0.11076356239042856,15.89913940159311,4.458971580006519,20.35811098159963
50,40,10,9.2,1.219080302777007,0.11683629796841764,15.380192944365941,4.0913453196365674,19.471538264002508
50,40,10,9.4,1.1457213650122688,0.10899344440140216,15.349753848525115,4.0914226063649055,19.44117645489002
50,40,10,9.6,1.2109652690458625,0.12275732822078966,15.349947547818699,4.217094666983599,19.5670422148023
50,40,10,9.8,1.1232386156921028,0.12046975731530503,15.540366360814685,4.372819051618434,19.91318541243312
50,40,10,10.0,1.2108335067362725,0.12311988287677567,15.482031962783632,4.200664361555851,19.68269632433948
50,40,10,10.2,1.181955161522808,0.11853097603192264,15.87060328624696,4.589989363290297,20.460592649537254
50,40,10,10.4,1.2106790591393777,0.11099043695826194,15.653353686724445,4.230659886645916,19.88401357337036
50,40,10,10.6,1.1856908996612643,0.11815574898121223,15.289974310351981,4.422215306226988,19.712189616578968
50,40,10,10.8,1.1826858888292306,0.12023958463088678,15.402058654876546,4.239183892083001,19.641242546959546
50,40,10,11.0,1.1302276425307614,0.124236395274828,15.784671335016803,4.1692509830193085,19.953922318036113
50,40,10,11.2,1.189210973060071,0.11645244695178648,15.201557308826285,4.6604459240957015,19.862003232921985
50,40,10,11.4,1.2736478331526304,0.11877324651120355,15.849152839826132,4.705010338780721,20.554163178606853
50,40,10,11.6,1.1539690130517724,0.11572232022849205,15.622801985604257,4.71090475461263,20.333706740216886
50,40,10,11.8,1.1528851841559709,0.12113945328805248,15.690622274597668,4.076171061471587,19.766793336069256
50,40,10,12.0,1.2404337954110416,0.11016265644035372,15.242565037631655,4.461846812895968,19.704411850527624
65,20,15,8.0,15.454508468867648,1.5198691964431512,17.95432548428911,5.234964592337784,23.189290076626897
65,20,15,8.2,15.465337184115926,1.5849414032024174,18.02534521045202,5.730286220386519,23.75563143083854
65,20,15,8.4,15.869154211882499,1.550022572629966,17.959152265607926,5.424422334727638,23.383574600335564
65,20,15,8.6,16.739824906556038,1.5912084785795457,17.73082214487431,5.744122467228324,23.474944612102632
65,20,15,8.8,13.842931038136177,1.4850621198357445,17.688749755280703,5.728437067319192,23.417186822599895
65,20,15,9.0,13.924259752879205,1.612841725263845,18.584388797959537,5.679256788911723,24.26364558687126
65,20,15,9.2,15.326978301379867,1.5792914243352991,18.24694219791441,5.447883282303749,23.69482548021816
65,20,15,9.4,15.926666084793577,1.6161860044691105,17.911225522165452,5.627382319666556,23.538607841832007
65,20,15,9.6,13.911422911714638,1.4513190984182494,18.22601286156083,5.617693458824166,23.843706320384996
65,20,15,9.8,16.617730182176057,1.602728794085804,17.989522792060477,5.904063549718472,23.89358634177895
65,20,15,10.0,16.21854259501856,1.6346310960287744,17.62673636919838,5.336715690806523,22.963452060004904
65,20,15,10.2,16.550418505570068,1.5055638382651224,18.29286139429407,5.366129507683861,23.658990901977933
65,20,15,10.4,15.007710765990044,1.7357468791829969,18.295348276631277,5.58778817632538,23.883136452956656
65,20,15,10.6,16.324859504125886,1.602091859635469,18.273984190274835,5.434453290658563,23.708437480933398
65,20,15,10.8,16.283964940251952,1.3657993219235331,18.093225787561163,5.311352981494006,23.40457876905517
65,20,15,11.0,15.057939141824907,1.4992734317560987,18.236980193200097,5.729975562037767,23.966955755237862
65,20,15,11.2,14.964008150988708,1.6194235474425462,18.625794731051187,5.5834770367612405,24.209271767812428
65,20,15,11.4,14.661975317475921,1.537329361199829,18.296623956959916,5.198062519257968,23.494686476217886
65,20,15,11.6,14.71551104648317,1.5516545457635662,18.025482076033928,5.263817523499534,23.28929959953346
65,20,15,11.8,16.44557550829189,1.7087081424501966,18.815735545379777,5.474962328473376,24.290697873853155
65,20,15,12.0,15.29963845444605,1.586806890719239,18.6955240597216,5.379644458850077,24.075168518571676
55,30,15,8.0,15.845115610069914,1.5718031372331682,17.74693477994161,4.990369355419615,22.737304135361228
55,30,15,8.2,16.456650898043584,1.686549363708381,17.779020150788497,5.312396846889118,23.091416997677616
55,30,15,8.4,15.729709040161085,1.554454336051265,18.360180781084736,5.6422338813806165,24.002414662465352
55,30,15,8.6,16.233276253013837,1.6477128628771929,17.942458139869913,5.585855100895156,23.52831324076507
55,30,15,8.8,15.10947521929298,1.6353471368833405,17.89905493158374,5.242242030293135,23.141296961876876
55,30,15,9.0,17.412454557044455,1.572818261110011,18.395977198960914,5.654062998414051,24.050040197374965
55,30,15,9.2,16.82208545609913,1.5633233284970616,17.937447938425336,5.323485921432198,23.260933859857534
55,30,15,9.4,14.397665435575732,1.6156525623947642,18.743528676636636,5.775706238386531,24.51923491502317
55,30,15,9.6,14.759599472496614,1.5048248792451,18.419465668856688,5.711564815247736,24.131030484104425
55,30,15,9.8,16.317386094549153,1.6764437658577278,18.34923158820752,5.740356875695787,24.089588463903308
55,30,15,10.0,15.861787803422505,1.6950513001432976,18.209586220708285,5.633223678269721,23.842809898978008
55,30,15,10.2,15.865071293027231,1.4328996041317723,18.160922911754167,5.471614190233361,23.632537101987527
55,30,15,10.4,14.318470703454357,1.5222568765182487,18.361265061554338,5.7101289269498805,24.07139398850422
55,30,15,10.6,16.381037377166866,1.579535623940002,18.490783184392825,5.236704703490041,23.727487887882866
55,30,15,10.8,16.313541039325944,1.5424985042531796,18.421023871939735,5.485719440129468,23.906743312069203
55,30,15,11.0,16.464969801648557,1.4636425345808,17.792068551374026,5.249932005187327,23.042000556561355
55,30,15,11.2,14.658970297047839,1.5412992575480138,18.903405594267422,5.408835235643776,24.312240829911197
55,30,15,11.4,15.807931751200636,1.5496094962466285,18.736181117744323,5.439084407076006,24.17526552482033
55,30,15,11.6,14.771339270818043,1.5648104703522727,18.01853349389832,5.5403520715083046,23.558885565406626
55,30,15,11.8,14.771457052000358,1.534919112663931,18.827586428923478,5.647871139728427,24.475457568651905
55,30,15,12.0,13.108450044550077,1.4579801337600193,18.24397392275305,5.34303514961045,23.5870090723635
45,40,15,8.0,14.848115013064543,1.5345481509216903,17.90799242815488,5.894937848996501,23.802930277151383
45,40,15,8.2,14.672068229810359,1.5487753657473573,18.260971492315186,5.568862722525064,23.82983421484025
45,40,15,8.4,15.527627638037192,1.4584350782913165,18.177270926839054,5.403657610318878,23.58092853715793
45,40,15,8.6,15.665339607581155,1.477670655185152,18.095368524483007,5.398886233390036,23.494254757873044
45,40,15,8.8,15.1669756075814,1.6201646143295159,17.99056007412872,5.529662938346931,23.52022301247565
45,40,15,9.0,15.946445580471595,1.4225097840993461,17.914292918577072,5.62703537663629,23.54132829521336
45,40,15,9.2,16.315316277785282,1.6125786945144132,17.66008850542496,5.716180148080497,23.376268653505456
45,40,15,9.4,16.125078785185714,1.6167965294188373,18.285592211439326,5.2166127150639285,23.502204926503254
45,40,15,9.6,15.475225977838212,1.3745842344185548,18.429194648832723,5.728971290784727,24.15816593961745
45,40,15,9.8,15.30572435895261,1.558115755918844,17.933009646969772,5.2367837018190855,23.169793348788858
45,40,15,10.0,15.88184837824294,1.6814972131506778,17.500877672765746,5.284556505306245,22.78543417807199
45,40,15,10.2,15.8067996384152,1.7283984602242146,18.224956069922495,5.440350162108522,23.665306232031018
45,40,15,10.4,15.508930936872742,1.6104191077965633,17.76787225859432,5.357850688371382,23.125722946965702
45,40,15,10.6,15.654031532131855,1.5345431982273219,18.196615006210603,5.4112173669165715,23.607832373127174
45,40,15,10.8,14.818873492542826,1.545522715814448,18.29129498091655,5.341316724209927,23.63261170512648
45,40,15,11.0,15.959807887079089,1.5364593702661538,17.6371331013469,5.712457513430935,23.349590614777835
45,40,15,11.2,16.446755268886776,1.3106206001863911,18.381678980615675,5.616322479253732,23.998001459869407
45,40,15,11.4,15.633721924909336,1.537998356141845,18.556045907902647,5.760342504807922,24.31638841271057
45,40,15,11.6,14.508219574024842,1.522755083236752,18.6606959214985,6.006249568155612,24.66694548965411
45,40,15,11.8,15.139599850619229,1.6435702213297636,18.858153699834904,5.875681632500011,24.733835332334916
45,40,15,12.0,17.772462282342364,1.658287398982027,18.76791573015279,5.562673553370589,24.33058928352338
60,20,20,8.0,35.4944448768288,3.249303858554697,19.90932657101246,6.587046692350926,26.496373263363388
60,20,20,8.2,35.268231841226374,3.2458205044588317,19.881012408774378,6.298866548165119,26.179878956939497
60,20,20,8.4,30.72960074086112,3.2678308884593896,20.52371862378069,6.485858071152153,27.009576694932846
60,20,20,8.6,33.608932127785124,3.1749260878442156,20.15428834108965,6.897889380419148,27.052177721508798
60,20,20,8.8,34.59543615496864,2.8066894472358337,19.96772558950311,6.577158618555676,26.544884208058786
60,20,20,9.0,30.623217492073366,3.213986822643604,20.2347981427705,6.694938686539265,26.929736829309768
60,20,20,9.2,34.8225124408197,3.166573284229718,20.64158693663974,6.722142053700657,27.363728990340398
60,20,20,9.4,33.3236953857964,2.841749902450045,20.658422242329856,7.0225900112429285,27.681012253572785
60,20,20,9.6,33.50260308373406,3.2649575475177035,20.319097778479858,7.131393871342645,27.450491649822503
60,20,20,9.8,34.125726377111896,3.147225452732581,20.708119979741927,6.631327916168876,27.3394478959108
60,20,20,10.0,33.252418263055134,3.224347708023768,20.487179866875728,6.62010934248396,27.10728920935969
60,20,20,10.2,30.799880849164158,3.3819175469133005,20.963028292655956,6.937049642672677,27.900077935328632
60,20,20,10.4,30.981823976441607,3.249205352306809,20.596399414579782,7.086880231820631,27.683279646400415
60,20,20,10.6,34.067666116855264,3.2081125927518594,20.703443747071137,6.638740242247776,27.34218398931891
60,20,20,10.8,32.701582676198726,3.408706042631037,20.941351917451172,7.166692454770805,28.108044372221975
60,20,20,11.0,31.18249526170288,3.283736476475072,20.60181272080107,7.118679790998081,27.72049251179915
60,20,20,11.2,31.281915647953912,3.389802903232875,20.488583130018327,6.9068503975520965,27.395433527570425
60,20,20,11.4,31.86576775671274,3.282092537033955,20.471781269281408,6.620790826409372,27.09257209569078
60,20,20,11.6,34.066489043359475,2.874405063262926,21.160590277883305,6.962361883017225,28.12295216090053
60,20,20,11.8,32.13301141921925,3.4231572771165855,20.747792072526952,6.498275359693164,27.246067432220116
60,20,20,12.0,31.272855882094866,3.270663709651494,20.37933600798709,6.999840990747003,27.379176998734092
50,30,20,8.0,34.856343638227365,2.982593044337425,20.45059525695466,6.469482096816226,26.920077353770886
50,30,20,8.2,33.578464610526375,3.2081569593188566,20.204510945682877,6.8558518100448875,27.060362755727766
50,30,20,8.4,30.785053098699382,3.238764027981446,20.47986988613298,6.843584317498587,27.32345420363157
50,30,20,8.6,30.05233419905808,3.3322891694351116,20.72942437089544,6.614864422730853,27.344288793626294
50,30,20,8.8,32.87620681100489,3.063846954376359,20.549754590470986,6.719894346538858,27.269648937009844
50,30,20,9.0,32.46503565002592,3.2672050646710074,20.580323440979573,6.5092231713438276,27.0895466123234
50,30,20,9.2,35.70317838748522,3.383770145731506,20.1877653166738,6.8795314277243556,27.067296744398156
50,30,20,9.4,28.52567436988157,3.37364068244478,20.824990500197984,6.931187556098261,27.756178056296246
50,30,20,9.6,34.34669761671265,3.174647677776313,20.350881736513713,6.578470416859246,26.92935215337296
50,30,20,9.8,31.744153979100936,3.437027175907033,20.35962216615441,6.51565476902367,26.87527693517808
50,30,20,10.0,30.519198812301138,3.12721642414651,20.400654551784243,6.813712070906637,27.21436662269088
50,30,20,10.2,29.75817061881441,3.3387466606960894,20.586307933181278,6.845491878730559,27.431799811911837
50,30,20,10.4,31.803611251815088,3.1716707201226275,20.565336371387193,6.7097047711666935,27.27504114255389
50,30,20,10.6,32.37821381745646,3.264023391427216,20.04043211164164,7.215014123190372,27.25544623483201
50,30,20,10.8,32.73863347601517,3.3550890264257722,20.15221230332058,7.202890148784303,27.355102452104884
50,30,20,11.0,31.864108864639164,3.113759708885393,20.97507505069981,6.716475787709202,27.691550838409015
50,30,20,11.2,32.15680386179968,3.0625567293986253,20.86638098612256,6.887498670684572,27.753879656807133
50,30,20,11.4,31.22907873792248,3.2095807213313905,21.027737669379924,6.942211418394604,27.969949087774527
50,30,20,11.6,31.99493458648697,3.268621963781711,21.06343963396301,6.985564757962168,28.04900439192518
50,30,20,11.8,31.54322016975724,3.0745902683611455,20.62491966444551,6.7498168734899116,27.374736537935423
50,30,20,12.0,31.301733072686623,3.3138318745382787,20.638611509085514,7.045972771587141,27.684584280672656
40,40,20,8.0,30.63154083337693,3.350368981893738,20.538784472489464,6.9608207944463105,27.499605266935774
40,40,20,8.2,33.32710842436696,3.134463364211248,20.57042556667863,6.126657154345148,26.697082721023776
40,40,20,8.4,31.243697456129468,3.5102642486059312,20.13907720044455,6.365071658933667,26.50414885937822
40,40,20,8.6,32.67532622102104,3.113031334976306,19.996240683661785,6.504766572332249,26.501007255994033
40,40,20,8.8,32.57338177043408,3.3433670718418464,20.52773382916478,6.4434886150842114,26.971222444248994
40,40,20,9.0,30.713634731797274,3.1988621646776583,20.262542125733102,6.829401510089083,27.091943635822183
40,40,20,9.2,33.41198647569313,3.1503378600117387,20.226844027864846,6.600030150857795,26.82687417872264
40,40,20,9.4,29.965340676301942,3.14755550787956,20.818267797934052,6.463925250339854,27.282193048273907
40,40,20,9.6,29.50318296655411,3.3152132875154297,20.69066858782324,7.069640889414448,27.760309477237687
40,40,20,9.8,31.32720740029927,3.153788204298013,20.45506954038737,6.661080749498994,27.116150289886363
40,40,20,10.0,31.735263287452003,3.2104555466153513,20.017904886254204,6.800993178472208,26.81889806472641
40,40,20,10.2,29.61339318798605,3.29529341753623,20.45327085659524,6.437957321989059,26.8912281785843
40,40,20,10.4,33.11845995274934,3.2248267381437015,20.594977758196755,6.786982804615252,27.381960562812008
40,40,20,10.6,33.39344722472699,3.2756869847714367,20.684466792390577,6.64167819920953,27.326144991600106
40,40,20,10.8,28.1946181615044,3.2700330559990625,20.859732265302277,6.815696830931418,27.675429096233696
40,40,20,11.0,32.25658853119465,3.351722306541254,20.70698617318992,6.808357567670835,27.515343740860757
40,40,20,11.2,30.92800259288967,3.0123522842861754,20.549548757437098,6.793738352401636,27.343287109838734
40,40,20,11.4,29.339809641131076,3.5666770569127095,20.699976703850226,7.205363365265585,27.90534006911581
40,40,20,11.6,31.194079178683086,3.375632160885011,20.723841097729434,6.663617484564637,27.38745858229407
40,40,20,11.8,32.846397923579154,3.37544808323674,20.78835499779824,6.756833297614597,27.54518829541284
40,40,20,12.0,33.305214699086925,3.027953887012556,20.589089018518553,6.840030762829533,27.429119781348085
55,20,25,8.0,61.957580597140215,6.032310591789667,22.145301675259017,8.274196170808194,30.41949784606721
55,20,25,8.2,60.7349711612882,6.603831895398936,22.554913565465046,7.971033408370041,30.525946973835087
55,20,25,8.4,57.98391490064265,6.698332974910313,22.09217181276314,8.13408706116461,30.22625887392775
55,20,25,8.6,66.35969921994075,6.337134431909859,22.693106099853743,7.7240482050284855,30.417154304882228
55,20,25,8.8,59.738833254128494,6.171061296905409,21.871805266377265,7.700404759097997,29.57221002547526
55,20,25,9.0,56.203969045339335,5.825612000521463,22.258053019612365,7.88011024169313,30.138163261305493
55,20,25,9.2,62.802111118485314,5.8640349104596545,22.49073296415914,8.1998062963558,30.69053926051494
55,20,25,9.4,60.73041727837886,6.0910096728999665,22.596382403277904,7.84398877294225,30.440371176220154
55,20,25,9.6,62.760877635426176,6.4293438153012,22.71827682662739,8.137279740182038,30.855556566809426
55,20,25,9.8,56.64287336571339,5.995024359113176,22.528477116537456,8.395863521872736,30.924340638410193
55,20,25,10.0,65.31134797667414,5.979481461322652,22.72059642881997,7.939747158963703,30.66034358778367
55,20,25,10.2,63.23939478546828,6.6971031147387965,22.80427969168685,8.433234716506824,31.237514408193675
55,20,25,10.4,58.96052379456941,6.248562197126341,22.411753992790455,8.635889335909592,31.047643328700048
55,20,25,10.6,61.50351928020076,6.335219639090145,22.638780572317703,8.241345939191284,30.880126511508987
55,20,25,10.8,50.877058932087714,5.550308341259425,23.05904600018269,8.14892051921413,31.20796651939682
55,20,25,11.0,62.59079095190703,5.944706801626995,22.559666995077635,8.441209192912748,31.000876187990382
55,20,25,11.2,65.97131170014474,6.0905419334661985,22.655766588041192,8.343139530621531,30.998906118662724
55,20,25,11.4,61.719145935579384,5.561115756093243,23.177465161835805,8.06532473177023,31.242789893606037
55,20,25,11.6,63.196548963103275,6.04481153969222,22.5894875501927,8.01927097746394,30.60875852765664
55,20,25,11.8,57.16230406423448,6.509212120140247,22.86733172109052,8.579177512193402,31.44650923328392
55,20,25,12.0,58.085104445399814,6.6076573739150195,23.184878175802595,8.282263622417394,31.46714179821999
45,30,25,8.0,60.73498451742577,5.997473855723986,22.61596269373971,7.8407458804373995,30.45670857417711
45,30,25,8.2,65.10996338397614,6.2635471894379675,22.284719503009477,7.932420846305705,30.21714034931518
45,30,25,8.4,63.30164064387003,5.364063053727317,22.65343893989902,7.5767276535179215,30.23016659341694
45,30,25,8.6,63.34669842583463,6.064730635011793,22.420276871173627,8.126128685146512,30.54640555632014
45,30,25,8.8,61.50235533125079,6.057600704245833,22.187668156326254,8.01661900389792,30.204287160224176
45,30,25,9.0,57.15411293791768,6.74143744054621,22.496845675150336,8.047949765225907,30.54479544037624
45,30,25,9.2,61.786044534143265,6.597530906924627,22.77095540195639,8.027912422193458,30.798867824149845
45,30,25,9.4,56.89369674968911,5.979366331812976,22.77785707697108,8.199099904154812,30.976956981125895
45,30,25,9.6,64.04839576367462,5.926613347483038,22.265691221435247,8.259550808517526,30.52524202995277
45,30,25,9.8,61.17540063635033,6.260828993946096,22.752376032259214,8.503488245770109,31.25586427802932
45,30,25,10.0,58.730433940107496,6.651372935695862,22.408287883212886,8.697334751969066,31.105622635181952
45,30,25,10.2,67.32066481725806,5.737100727507564,22.94315048021809,8.018304442583872,30.961454922801963
45,30,25,10.4,62.593572595552274,6.128624561555946,22.88323771818635,8.229527756884853,31.112765475071203
45,30,25,10.6,57.479356372588576,6.582298983039888,22.689967129907778,7.87979148684633,30.569758616754108
45,30,25,10.8,57.098488972944324,6.228986234405512,22.776775583706712,7.705665631831546,30.48244121553826
45,30,25,11.0,58.898201942126434,6.818671426116517,22.849962161766943,8.448312994970424,31.29827515673737
45,30,25,11.2,61.5143615931116,6.275020555525876,22.645047125460465,8.014520409517393,30.65956753497786
45,30,25,11.4,64.7851336296705,6.3342611964243565,22.975411994192125,8.35034522297874,31.325757217170867
45,30,25,11.6,59.60960406540295,6.184908737105669,23.11588147851696,8.274203183978036,31.390084662495
45,30,25,11.8,63.52966852352148,6.512408456749623,22.655908453071685,8.091384506045756,30.74729295911744
45,30,25,12.0,60.770810390819925,5.945062577230471,23.029504455647412,8.44979265814192,31.479297113789332
35,40,25,8.0,62.81174867290744,6.189045726830103,22.33062580844845,7.853452866732217,30.184078675180665
35,40,25,8.2,57.462485898619214,5.600758949421171,22.410109011455383,7.766072964916312,30.176181976371694
35,40,25,8.4,55.91178048196578,5.759805745437283,22.3228958588854,7.986417910464444,30.309313769349842
35,40,25,8.6,64.90149629435365,6.267104253817861,22.46857624658898,8.317838057934996,30.786414304523976
35,40,25,8.8,58.30966092422724,6.20632138570267,22.51088138572592,8.047873598878201,30.55875498460412
35,40,25,9.0,62.8689236865001,6.406369339531676,22.591953372912066,7.676694372382583,30.26864774529465
35,40,25,9.2,60.68914533418514,5.630213866943538,22.589999882796874,8.331335220717676,30.92133510351455
35,40,25,9.4,58.66703009826186,6.447180858996456,22.875258287733512,8.546737717433166,31.421996005166676
35,40,25,9.6,63.80257362001639,5.602677615249653,22.152159078889305,8.242738107586963,30.394897186476268
35,40,25,9.8,59.69593693324798,6.105405383942949,22.4695507193005,8.803139886718222,31.27269060601872
35,40,25,10.0,60.03428535016836,6.22640654483709,21.856866702250006,8.234351296996827,30.091217999246833
35,40,25,10.2,64.96956881571249,6.206365318019288,22.801110616808735,8.181634050709848,30.98274466751858
35,40,25,10.4,57.334790057866805,6.146541171496839,22.535805301612086,8.232073051775469,30.767878353387555
35,40,25,10.6,60.55439257817206,6.384002404881851,22.82265349194759,8.355956099375645,31.178609591323237
35,40,25,10.8,62.350219096233985,6.239139307642909,23.251494231939105,8.038798531723964,31.290292763663068
35,40,25,11.0,60.76074528468012,5.94192991663271,22.681023165056757,8.07021506913259,30.751238234189348
35,40,25,11.2,63.963322143799886,5.779920805839953,22.72410943234949,8.150184348448738,30.874293780798226
35,40,25,11.4,63.571125904882564,6.257083869620617,22.733232115431974,8.573019208542414,31.306251323974386
35,40,25,11.6,61.348738250091955,6.351181217393395,22.357771757650827,8.039281994786856,30.397053752437685
35,40,25,11.8,54.197868217756955,5.993128681831568,22.956130685053616,8.27447518296794,31.230605868021556
35,40,25,12.0,66.13545718860787,6.709960013702376,23.295305111421758,8.376209382325788,31.671514493747544
50,20,30,8.0,149.38226213365095,13.024036304353055,23.55788287271271,9.153998020326414,32.71188089303912
50,20,30,8.2,147.70785773698955,12.91122797617677,24.08775974865592,9.018277818459604,33.10603756711552
50,20,30,8.4,140.3347402267615,13.317369758095221,24.050929089133287,9.80139787550834,33.85232696464163
50,20,30,8.6,129.43704745801503,14.034343561042766,23.769583307951272,9.276057665726983,33.04564097367825
50,20,30,8.8,141.3586852921421,12.816523482077805,24.58717909797343,9.599318215110962,34.18649731308439
50,20,30,9.0,144.78812645202407,12.208313744156083,24.680349759930177,9.353328469812428,34.033678229742605
50,20,30,9.2,130.68323818959453,14.963436056384689,24.61217155548521,9.129209923690766,33.74138147917598
50,20,30,9.4,147.0298708866553,14.827779067372132,24.610835677494464,9.453746044821216,34.06458172231568
50,20,30,9.6,138.55632828681237,12.548598841273652,24.355201813429616,9.531787478436353,33.88698929186597
50,20,30,9.8,135.86642020732282,13.770094478355286,24.84687237642996,9.749616458402674,34.596488834832634
50,20,30,10.0,132.5166905308634,13.13542955839765,24.272022966960943,9.277474783267246,33.54949775022819
50,20,30,10.2,133.99163710832195,14.79045477006591,24.695908674286734,9.640245424198921,34.33615409848566
50,20,30,10.4,134.0210048849291,13.362654132776735,24.929820400466383,10.138134774658134,35.06795517512452
50,20,30,10.6,137.8666268202847,15.435715709788619,24.640666092507512,9.478153386936842,34.118819479444355
50,20,30,10.8,143.74785827853103,13.5488322397454,24.933761660547226,10.161225745297314,35.09498740584454
50,20,30,11.0,141.72016493998515,14.147014790205855,24.74782032973131,9.347814392109594,34.09563472184091
50,20,30,11.2,141.78412712845574,13.396560749239827,25.21112864430013,9.750259812445398,34.961388456745524
50,20,30,11.4,136.80535042961668,15.313846561639155,24.78614257573747,9.561750028897592,34.347892604635064
50,20,30,11.6,134.97099347127264,14.24153205090561,24.655526265348634,9.723798410884154,34.379324676232784
50,20,30,11.8,129.36140988093703,13.966424235947597,25.07719110609037,10.167001338384969,35.24419244447534
50,20,30,12.0,138.80606712174205,14.298955996293008,24.95445831244231,9.639838318045092,34.5942966304874
40,30,30,8.0,121.20770234846533,13.616302797911723,24.467047321515075,9.038496465607544,33.50554378712262
40,30,30,8.2,131.91557105793456,14.338056095336304,23.65123629213738,9.649455248857693,33.300691540995075
40,30,30,8.4,143.36516313938859,12.934219316361636,24.824369606729427,9.741807183978889,34.56617679070831
40,30,30,8.6,139.28649170256972,14.216363980598548,23.735864865683894,9.872898214201912,33.608763079885804
40,30,30,8.8,131.74077777860035,12.465039709446186,23.67255624488837,9.601448404522447,33.27400464941081
40,30,30,9.0,142.00115084054147,12.336894843108858,23.993075433118715,9.764774391024702,33.75784982414342
40,30,30,9.2,137.21074107823836,14.221328662923817,24.04857087774875,9.523605577865021,33.57217645561377
40,30,30,9.4,126.23261484666746,14.395796729534007,24.091674567691708,9.398551247936311,33.49022581562802
40,30,30,9.6,140.26569742046485,12.274475423368619,23.812798304651835,9.420103524385995,33.23290182903783
40,30,30,9.8,133.08213343708255,14.4877656574807,24.433225140519465,9.875276615649577,34.30850175616904
40,30,30,10.0,139.53675674930682,13.87287847626192,24.310529656841897,9.510753243911726,33.82128290075362
40,30,30,10.2,145.0247617470464,14.389427731520247,24.773692419612573,9.60300725359173,34.3766996732043
40,30,30,10.4,138.98299906858017,14.117657055022994,25.08774647249399,9.573791538590115,34.661538011084104
40,30,30,10.6,135.27391138674813,14.00511897859105,25.032230500329344,9.898108971396839,34.930339471726185
40,30,30,10.8,135.64072319840403,13.841481819902864,24.87249062709033,9.92695920937115,34.79944983646148
40,30,30,11.0,136.38809774310556,12.912934486794185,24.639014948078177,10.084050144619132,34.72306509269731
40,30,30,11.2,141.2607137496233,13.319983253466905,24.665072472806305,9.8339790404373,34.49905151324361
40,30,30,11.4,139.9067541782806,13.205679741562061,24.97938278754762,10.066651747027658,35.04603453457528
40,30,30,11.6,133.97930741979562,13.895340037009236,25.22114233054081,9.603018694839664,34.82416102538048
40,30,30,11.8,131.58395918807528,13.503581165931546,24.783526780941674,9.806075446250176,34.58960222719185
40,30,30,12.0,145.78509328445543,13.599597425985275,24.88235497252449,9.805610244740958,34.68796521726544
30,40,30,8.0,142.9626575423711,13.310997315092427,24.371160199994314,9.339787672991596,33.71094787298591
30,40,30,8.2,138.79372614791777,13.951583515618408,23.580414702666253,9.079112202934065,32.659526905600316
30,40,30,8.4,137.94591008692194,13.746415984603805,24.094209370390548,9.407672090859052,33.501881461249596
30,40,30,8.6,150.66482823733296,12.928379862912335,24.113354237728313,9.22662869391508,33.33998293164339
30,40,30,8.8,144.33906527017902,15.709057511381056,24.169883748896797,9.63584284745272,33.805726596349515
30,40,30,9.0,146.4610650589192,12.936803543774978,24.282246290196024,9.545553327220654,33.82779961741668
30,40,30,9.2,144.21085660399459,15.135778606833124,24.14782044972157,9.585439427020189,33.73325987674176
30,40,30,9.4,139.3991059531516,14.069784192868777,24.240840259527594,9.925573474159275,34.166413733686866
30,40,30,9.6,140.77125363611037,14.179619113471903,24.16369091056653,9.85394064655099,34.01763155711752
30,40,30,9.8,138.90092503661492,13.893631106820962,24.517495263535643,9.89471964925577,34.41221491279141
30,40,30,10.0,144.28633125170055,14.192473629401071,24.724360303392874,9.18895983232814,33.913320135721015
30,40,30,10.2,138.0443077189605,14.603410596016147,25.009437312573887,9.399613408931625,34.40905072150551
30,40,30,10.4,132.09801537447137,13.234547681387262,24.73072035163175,9.651751624003566,34.38247197563531
30,40,30,10.6,128.83580934942813,12.294950047832025,24.992511610903627,9.710926071502287,34.70343768240591
30,40,30,10.8,130.76743760680114,14.471070772394533,25.03079461960991,9.797064201713466,34.827858821323375
30,40,30,11.0,138.0583845375305,13.889945423173687,24.99281296421723,9.688434698164615,34.68124766238184
30,40,30,11.2,141.03741660050943,14.071200093078504,24.219180781540157,9.698336478153838,33.917517259693994
30,40,30,11.4,135.482097873563,14.895000506136213,24.83128572974452,9.883336080828217,34.71462181057274
30,40,30,11.6,143.14151946279014,14.106804236813637,25.438316008228913,9.63661945886008,35.07493546708899
30,40,30,11.8,141.2556341009838,13.20353228770892,24.865185056994346,9.934918070125969,34.800103127120316
30,40,30,12.0,137.19618390316003,14.077660272597358,25.10266688882445,10.063712458469597,35.16637934729405
45,20,35,8.0,338.8626778707892,34.09233723281955,26.1493473833746,11.255477605906863,37.404824989281465
45,20,35,8.2,293.5804089807129,32.685826359029825,25.93817498078043,11.071376210935084,37.009551191715516
45,20,35,8.4,322.1085020563608,30.65374614745936,26.201674023847364,11.015561912126472,37.21723593597383
45,20,35,8.6,303.90695525254813,35.03111046965978,25.97943129051905,10.884700115184664,36.864131405703716
45,20,35,8.8,297.6011513482263,28.90154784738025,26.307701528081072,11.279781486776523,37.5874830148576
45,20,35,9.0,310.5300215460026,32.57890436719335,26.199036143488875,11.606994416480143,37.80603055996902
45,20,35,9.2,327.3868019434134,31.950078772057754,26.67072572404036,11.22716496395048,37.89789068799084
45,20,35,9.4,342.1721955552558,31.450642472192968,26.264020201753198,11.232874869693031,37.49689507144623
45,20,35,9.6,315.9783402161652,30.379282406945197,26.116224898574593,11.56618430131141,37.682409199886
45,20,35,9.8,299.0709608471201,30.97805905412691,26.05785618810402,11.035787148606842,37.09364333671086
45,20,35,10.0,326.66130454971903,29.77155515518227,26.92718274384655,11.535377044872416,38.46255978871896
45,20,35,10.2,336.8069713474444,33.862582080614104,26.211680678338144,11.002391885985936,37.214072564324084
45,20,35,10.4,314.46808509054523,28.29384784425233,26.491595013756058,11.337530681929437,37.82912569568549
45,20,35,10.6,299.920864924238,32.70387660742173,26.658720134567783,11.297768132155248,37.95648826672303
45,20,35,10.8,299.80196010545205,32.718788669190474,26.08907399804127,11.269388747918276,37.35846274595954
45,20,35,11.0,321.01352265576423,29.640494112492643,26.78450890976428,11.52633233919735,38.31084124896163
45,20,35,11.2,349.0830162782676,31.151249199879985,26.81726834563644,11.454463368319661,38.2717317139561
45,20,35,11.4,332.14998120990646,32.85081611421082,26.89654708571282,11.407706319151803,38.304253404864625
45,20,35,11.6,346.1444567039013,33.46435786057481,26.619166764550013,11.247300883358548,37.866467647908564
45,20,35,11.8,324.90635221965186,34.54214867518075,26.988648233732864,11.30286434121965,38.29151257495251
45,20,35,12.0,306.8852017064464,31.86542401359834,26.819102002822344,11.510456605814108,38.329558608636454
35,30,35,8.0,333.59191368089876,34.040726523946994,25.881351910462605,10.888083690194462,36.76943560065707
35,30,35,8.2,313.83259795087395,35.126192159041494,26.034217415641354,10.50598872447918,36.54020614012053
35,30,35,8.4,305.3448925583869,30.98663071809905,26.081322479948323,11.183873964248486,37.26519644419681
35,30,35,8.6,325.85007194946314,29.9665672868704,26.035869253738504,11.457509244258535,37.49337849799704
35,30,35,8.8,338.7007593364835,34.80325649668053,26.466095819888892,11.052064206838011,37.5181600267269
35,30,35,9.0,294.5943193479393,30.448379725558386,26.00420586578111,11.000382620183546,37.00458848596465
35,30,35,9.2,333.3820363012186,29.67612876382868,26.227914695678283,11.714104072299163,37.942018767977444
35,30,35,9.4,287.66792645878917,30.728304360456644,26.41520214814281,11.335191090850238,37.75039323899305
35,30,35,9.6,297.0587382986641,33.379602083071596,26.458031140238965,11.31376314468232,37.771794284921285
35,30,35,9.8,334.09011644506336,32.43993664336078,26.192348302850093,11.324045535115067,37.51639383796516
35,30,35,10.0,335.65656046324244,31.001156258080368,26.079718622645824,11.436276704083024,37.51599532672885
35,30,35,10.2,332.985984595905,30.809060443543196,26.958828011866267,11.612698777809987,38.571526789676255
35,30,35,10.4,330.80664062175464,33.03552895424744,26.174308873119696,11.324623029731342,37.49893190285104
35,30,35,10.6,308.6664707879397,32.256585267253996,26.34856944014138,10.895400069621807,37.24396950976319
35,30,35,10.8,309.1957858442624,30.716571629122573,27.066498400742763,11.454838617163016,38.52133701790578
35,30,35,11.0,309.13693804100336,30.039932552857305,26.885512316419746,11.349917672501075,38.23542998892082
35,30,35,11.2,296.3678666041694,30.111416672840356,26.995684711618264,10.845496691999815,37.84118140361808
35,30,35,11.4,317.959677196289,29.76159282581311,26.725581749188013,11.720468886647753,38.44605063583577
35,30,35,11.6,332.522410731048,29.97731089229624,27.15513098989281,11.546774153989578,38.701905143882385
35,30,35,11.8,307.70938424715035,34.436108893409596,27.039522637626764,11.807139424972362,38.84666206259912
35,30,35,12.0,330.829317955615,31.308884002795256,27.093365330669165,11.469243016435064,38.56260834710423
25,40,35,8.0,312.24994655196326,34.08498883480762,25.55890708844131,11.152468920569595,36.711376009010905
25,40,35,8.2,294.26870575308226,31.76917647923469,25.554418967250886,10.747660037226218,36.30207900447711
25,40,35,8.4,334.95082068180835,36.47120280256286,25.88466006760781,11.083096966878294,36.967757034486105
25,40,35,8.6,322.4172244158233,33.44816092256074,26.34969026033272,11.09582832445044,37.44551858478316
25,40,35,8.8,318.7201490659809,31.366894621639553,26.117421435158295,11.402718285528863,37.520139720687155
25,40,35,9.0,341.6616321074879,30.9100632292098,26.164158296576442,11.461772260888697,37.62593055746514
25,40,35,9.2,306.89874101149314,32.93641242093437,26.259942427072883,11.248034443620902,37.50797687069378
25,40,35,9.4,341.79987420381093,32.1119609623892,26.34636132550685,11.3788335496526,37.72519487515945
25,40,35,9.6,362.7042397152527,32.85524545017419,26.213076505015948,11.506180209050312,37.71925671406626
25,40,35,9.8,340.8645563091573,30.86955934628917,26.344473669056757,11.604206279950334,37.948679949007094
25,40,35,10.0,328.2810512651535,30.398937937121786,26.448287070086035,10.857247244826937,37.305534314912975
25,40,35,10.2,331.9870889728416,30.287458616375382,26.448772413694787,11.332332373322378,37.78110478701716
25,40,35,10.4,340.1100706739453,32.48887969942448,26.3073484104981,11.923991474757763,38.23133988525586
25,40,35,10.6,301.37500723275815,30.318401775836804,26.431901709220796,10.880250357191501,37.312152066412295
25,40,35,10.8,364.91347664783376,33.474742714068,26.6958621277665,11.323469969867862,38.01933209763436
25,40,35,11.0,313.213629005776,29.503077074794668,26.644427074553434,11.087067518961126,37.73149459351456
25,40,35,11.2,311.80789954309955,31.738260503165673,26.47551146608263,11.493433676172781,37.96894514225541
25,40,35,11.4,335.88326426302785,30.99197411422588,27.141096285046782,11.098950603901212,38.240046888947994
25,40,35,11.6,309.0848663174067,31.77280808800109,26.60062578894183,11.641182563263186,38.24180835220501
25,40,35,11.8,319.0000561805003,32.54933344986644,26.78884157680576,11.57108896658344,38.3599305433892
25,40,35,12.0,327.44845284888066,32.62278265389574,27.467377947605158,11.684734241641433,39.152112189246594
40,20,40,8.0,703.4021779569247,71.28287605116117,27.90274631788145,12.732466184215438,40.63521250209689
40,20,40,8.2,732.4619057239352,73.63983915779009,27.19097831373084,13.349009830342142,40.539988144072986
40,20,40,8.4,688.5920550806227,67.79948403341011,27.61038406045244,13.287665309890237,40.898049370342676
40,20,40,8.6,770.0580578692783,71.3575962386073,27.8482964247636,12.841067694036575,40.68936411880017
40,20,40,8.8,627.9884405405847,72.14713016869038,28.671901155126747,12.661941525197333,41.33384268032408
40,20,40,9.0,701.1626305778526,72.44594349979135,27.72839104417601,12.98557937821148,40.71397042238749
40,20,40,9.2,693.6470568428357,70.08512211231087,28.290145477383547,13.547424611346067,41.83757008872961
40,20,40,9.4,638.7553742424489,64.49409927352082,28.307303925497113,12.774412008261807,41.08171593375892
40,20,40,9.6,696.1382415458864,67.67927522364228,28.30460615036194,13.201455325050715,41.50606147541266
40,20,40,9.8,700.3968132615503,68.66932025202289,28.118496199750357,13.31402952628214,41.432525726032495
40,20,40,10.0,704.12491726698,72.91000790032231,28.088928395735984,13.15822382444535,41.247152220181334
40,20,40,10.2,699.8875799253238,69.33465880612886,28.501849371095805,13.21308585169787,41.71493522279368
40,20,40,10.4,687.932307641507,64.04986081370741,28.95876324239888,13.01784839069279,41.97661163309167
40,20,40,10.6,723.9652932375993,70.32622373735532,28.636813513421053,13.243958468825914,41.88077198224697
40,20,40,10.8,659.4580317370999,70.00171309864663,28.458193548393844,13.262682235883723,41.72087578427757
40,20,40,11.0,725.6069600418784,68.30811666631797,28.452885395415542,13.043423106588806,41.49630850200435
40,20,40,11.2,687.3067499244961,80.46161847656865,28.599662149823047,13.303989525416462,41.90365167523951
40,20,40,11.4,671.3025075877798,75.0879709903364,28.782878224204808,13.258791624426765,42.04166984863157
40,20,40,11.6,705.5380460368144,75.04048719453063,28.679103935856563,13.955186892378041,42.634290828234604
40,20,40,11.8,671.70047418844,65.66150332551331,28.55680467635393,13.173555564028696,41.73036024038262
40,20,40,12.0,697.9553143527755,66.96505164365442,28.79767143943346,13.713561301454703,42.51123274088816
30,30,40,8.0,677.664291501586,70.57335817693532,27.768674499553203,12.979798276270051,40.74847277582325
30,30,40,8.2,715.3065978436141,72.18024414852594,27.669602659461084,12.768804866557701,40.438407526018786
30,30,40,8.4,735.3313216085833,72.44104168038992,27.712488340812328,13.307341813709126,41.01983015452146
30,30,40,8.6,671.3961636487818,69.24981047795396,28.24318281331171,12.455583422626287,40.698766235937995
30,30,40,8.8,655.4990447777117,69.46382710656745,28.2133638925887,12.775934048241751,40.989297940830454
30,30,40,9.0,681.7937292802407,67.40115305073894,27.87428090361206,13.043344003291587,40.91762490690365
30,30,40,9.2,627.7651756414855,65.51642238926539,28.04747555103889,12.677206029758693,40.72468158079758
30,30,40,9.4,673.0081382634528,69.66405237668204,27.97938081915059,13.134688367997715,41.1140691871483
30,30,40,9.6,688.2712237126707,66.6310204311176,28.144712043398386,13.036550846547364,41.18126288994575
30,30,40,9.8,641.2423176604956,67.50468595278777,28.435317066616218,13.518746044408797,41.954063111025015
30,30,40,10.0,737.3853329885617,73.89232562333648,28.404074543903434,13.234275724969946,41.63835026887338
30,30,40,10.2,704.755823953487,71.64792788838547,28.487106685412332,13.394558379712805,41.881665065125134
30,30,40,10.4,752.455200567591,70.80732857839853,28.46262292082029,12.98472391617954,41.44734683699983
30,30,40,10.6,720.1845737313666,63.30677258432242,28.73741582362116,13.426391698804093,42.16380752242525
30,30,40,10.8,696.3880407676334,68.58114836782943,28.070059396343904,13.0770425700099,41.1471019663538
30,30,40,11.0,618.8257012491481,71.83663437280948,28.577178243479967,12.69593281294905,41.273111056429016
30,30,40,11.2,729.214999180916,66.88793809860336,28.707196952962686,13.561562758286058,42.26875971124875
30,30,40,11.4,684.1866283682201,68.42456559522475,28.693806141400213,13.501105542083707,42.19491168348392
30,30,40,11.6,708.4799056734884,77.10820331399681,28.973670816952712,13.248438852592045,42.22210966954476
30,30,40,11.8,679.7473847400342,72.11370732090349,28.841016398976453,13.621184282994559,42.46220068197101
30,30,40,12.0,737.4709062932377,70.7736230245785,28.938605876169305,13.788698307023862,42.72730418319317
20,40,40,8.0,708.5366395317359,64.51815338374637,27.78429332635689,12.914263484933972,40.698556811290864
20,40,40,8.2,699.9796518845884,67.59844550356426,27.86736513151079,12.755075674533895,40.622440806044686
20,40,40,8.4,711.1987994858413,68.70066028032963,27.76108268441483,13.228146214889614,40.98922889930444
20,40,40,8.6,649.9176328227064,66.90614274057741,28.110393481801427,12.926233462339432,41.03662694414086
20,40,40,8.8,720.4924362058472,70.46721701202732,27.718957581423496,13.096659925038296,40.81561750646179
20,40,40,9.0,667.7303648851725,72.68149170449345,28.31795651028198,13.121286836017305,41.439243346299286
20,40,40,9.2,645.6817046185862,69.20586642290495,28.005183380160485,13.242356122923471,41.247539503083956
20,40,40,9.4,669.5391635956612,71.65612118776828,28.445858533224573,12.66319603005555,41.109054563280125
20,40,40,9.6,682.7041430602035,69.78182343742016,28.18431947477848,12.95218067371056,41.13650014848904
20,40,40,9.8,691.0152665177026,67.6735745426575,28.23263108827187,12.884570816074834,41.1172019043467
20,40,40,10.0,715.9584704550742,73.79692081938722,28.61161108280332,13.449894531745999,42.06150561454932
20,40,40,10.2,656.4247523490895,65.20393246201085,28.111515132237038,13.092607911406093,41.20412304364313
20,40,40,10.4,788.2870318103503,66.12091781536877,28.67076609931708,13.405802703122133,42.07656880243921
20,40,40,10.6,699.4908545030949,66.11351733919103,28.111123822517264,13.36430587537401,41.47542969789127
20,40,40,10.8,728.3077581087362,66.50352263983528,28.261746899374387,13.175738619496757,41.43748551887114
20,40,40,11.0,638.1080552331496,75.94505231151157,28.803185279724037,13.204477668720726,42.00766294844476
20,40,40,11.2,668.7472093170308,68.79631828296547,28.91536983000796,12.989751151861805,41.905120981869764
20,40,40,11.4,647.7838585666941,66.79270147040569,28.56839939220109,13.38053421946686,41.948933611667954
20,40,40,11.6,706.1982866401821,69.0758051723677,28.96502305820011,13.769835757016196,42.734858815216306
20,40,40,11.8,630.2099002198343,76.63595595647938,29.298571317002622,13.444554583927543,42.74312590093017
20,40,40,12.0,684.7624125524071,68.23774070348624,29.24499767247145,13.303933376076076,42.54893104854752
